Student_ID,Previous_Average,Study_Hours_Per_Week,Assignment_Score,Attendance_Percent,Good_Attendance
S001,90.4,7.4,88.3,96.3,1
S002,58.0,5.6,53.8,83.0,1
S003,65.5,11.5,96.1,84.4,1
S004,71.1,9.5,83.6,88.3,1
S005,53.2,8.7,81.7,74.9,1
S006,65.0,12.1,72.1,78.7,1
S007,65.0,11.0,95.3,88.2,1
S008,38.7,10.4,64.1,78.8,1
S009,80.3,12.9,90.5,88.4,1
S010,74.0,10.1,71.5,68.3,0
S011,55.6,6.5,71.2,82.3,1
S012,62.4,7.6,74.9,68.2,0
S013,72.6,6.9,79.1,85.1,1
S014,61.1,9.8,83.7,98.0,1
S015,61.4,4.7,73.8,78.1,1
S016,43.2,1.7,71.2,60.5,0
S017,73.3,9.4,79.5,74.7,1
S018,66.9,3.7,64.5,87.0,1
S019,69.1,1.2,72.3,77.4,1
S020,42.1,10.5,77.8,82.0,1
S021,89.8,6.2,100.0,99.3,1
S022,67.3,11.0,91.6,87.3,1
S023,59.2,6.9,57.2,74.4,1
S024,95.4,4.5,92.1,83.5,1
S025,64.3,4.0,88.4,56.1,0
S026,43.2,6.9,68.4,61.6,0
S027,58.9,7.9,70.8,79.1,1
S028,30.7,5.7,63.7,66.9,0
S029,80.7,7.9,80.8,90.9,1
S030,58.8,2.9,76.3,75.3,1
S031,53.9,9.1,75.0,80.9,1
S032,81.1,1.8,92.6,91.0,1
S033,40.2,8.2,73.0,67.5,0
S034,73.0,11.8,79.8,86.0,1
S035,34.0,13.4,77.4,64.7,0
S036,55.1,15.9,93.2,96.0,1
S037,46.9,2.8,58.8,70.4,1
S038,86.9,12.0,89.3,98.0,1
S039,91.5,13.8,74.7,100.0,1
S040,60.1,12.9,91.6,95.7,1
S041,77.6,5.3,75.4,83.3,1
S042,62.3,10.6,59.6,87.4,1
S043,73.5,16.4,75.1,80.0,1
S044,53.7,3.0,65.6,76.8,1
S045,39.4,10.9,78.4,78.4,1
S046,38.0,13.4,72.3,65.0,0
S047,70.7,6.2,84.0,94.5,1
S048,98.7,11.3,87.0,91.1,1
S049,69.0,4.7,63.3,84.4,1
S050,57.1,5.8,81.5,75.6,1
S051,93.7,5.7,94.0,99.7,1
S052,68.6,9.8,82.3,96.2,1
S053,66.5,8.6,93.1,79.2,1
S054,68.8,12.8,76.8,75.2,1
S055,63.0,5.2,70.4,77.6,1
S056,60.4,8.5,87.6,89.8,1
S057,43.5,12.8,93.4,79.4,1
S058,72.5,11.2,86.2,83.8,1
S059,63.6,3.7,89.8,84.4,1
S060,82.9,11.7,85.3,69.9,0
S061,59.5,7.1,78.6,75.0,1
S062,36.4,10.5,67.3,63.4,0
S063,63.5,10.2,64.9,84.3,1
S064,90.5,13.9,100.0,92.4,1
S065,59.2,9.5,87.3,74.5,1
S066,51.7,1.6,63.7,68.5,0
S067,47.1,3.5,64.7,59.9,0
S068,49.2,11.9,90.4,82.8,1
S069,60.5,8.0,64.3,73.7,1
S070,47.3,13.6,62.6,76.4,1
S071,87.5,10.1,84.9,86.3,1
S072,60.8,6.0,62.6,84.7,1
S073,66.6,13.3,99.4,89.7,1
S074,86.6,5.8,89.0,93.1,1
S075,87.5,1.0,72.0,86.7,1
S076,61.8,17.3,82.4,83.3,1
S077,70.0,1.4,100.0,86.6,1
S078,76.0,11.5,82.0,92.1,1
S079,62.1,12.8,75.6,87.7,1
S080,38.3,9.6,71.8,71.7,1
S081,74.8,2.3,82.8,78.3,1
S082,78.4,13.1,93.2,99.2,1
S083,71.2,3.2,66.8,96.4,1
S084,51.1,3.6,55.8,65.0,0
S085,62.1,7.6,83.0,86.4,1
S086,56.1,12.2,79.3,80.5,1
S087,60.5,10.2,63.1,87.0,1
S088,84.5,12.2,100.0,98.6,1
S089,87.9,7.2,96.0,100.0,1
S090,75.0,8.3,81.3,64.0,0
S091,73.2,4.5,75.7,77.1,1
S092,75.1,7.7,85.4,78.6,1
S093,64.8,11.4,75.9,84.1,1
S094,63.9,7.8,64.6,74.3,1
S095,54.9,10.9,81.0,77.2,1
S096,64.2,6.7,62.5,84.4,1
S097,98.9,6.6,96.4,100.0,1
S098,78.0,9.2,71.7,63.9,0
S099,59.9,8.2,75.8,78.4,1
S100,57.9,11.4,78.4,85.7,1
S101,52.0,9.7,92.9,82.4,1
S102,70.6,16.0,80.3,88.2,1
S103,70.9,8.1,67.5,72.1,1
S104,43.4,8.1,62.8,66.4,0
S105,72.3,4.8,67.1,86.4,1
S106,56.5,9.1,70.4,88.4,1
S107,86.4,11.7,97.2,95.7,1
S108,67.4,6.0,85.3,76.1,1
S109,90.8,8.8,100.0,95.0,1
S110,58.1,11.9,73.0,81.0,1
S111,60.7,8.5,100.0,89.4,1
S112,69.5,6.9,99.4,87.2,1
S113,80.8,12.9,89.8,88.1,1
S114,73.5,9.4,61.4,85.3,1
S115,46.5,10.6,72.8,68.9,0
S116,67.7,13.7,87.6,96.0,1
S117,65.3,13.6,62.7,94.3,1
S118,58.6,7.6,76.2,70.7,1
S119,55.3,6.9,71.2,81.1,1
S120,91.2,10.1,85.4,85.3,1
